,game_str,play_id,ball_direction
0,1903_01_TeamNE_TeamA2,18,right
1,1903_01_TeamNE_TeamA2,38,right
2,1903_01_TeamNE_TeamA2,58,right
3,1903_01_TeamNE_TeamA2,117,right
4,1903_01_TeamNE_TeamA2,119,right
5,1903_01_TeamNE_TeamA2,185,right
6,1903_01_TeamNE_TeamA2,230,right
7,1903_01_TeamNE_TeamA2,260,right
8,1903_01_TeamNE_TeamA2,326,right
9,1903_16_TeamNI_TeamA3,25,right
10,1903_16_TeamNI_TeamA3,82,right
11,1903_16_TeamNI_TeamA3,121,right
12,1903_16_TeamNI_TeamA3,124,left
13,1903_16_TeamNI_TeamA3,141,right
14,1903_16_TeamNI_TeamA3,162,right
15,1903_16_TeamNI_TeamA3,177,left
16,1903_16_TeamNI_TeamA3,219,left
17,1903_16_TeamNI_TeamA3,276,right
18,1902_02_TeamMG_TeamA3,43,left
19,1902_02_TeamMG_TeamA3,68,right
20,1902_02_TeamMG_TeamA3,79,right
21,1902_02_TeamMG_TeamA3,161,left
22,1902_02_TeamMG_TeamA3,185,right
23,1902_02_TeamMG_TeamA3,249,right
24,1902_02_TeamMG_TeamA3,296,left
25,1902_02_TeamMG_TeamA3,337,right
26,1902_02_TeamMG_TeamA3,341,right
27,1902_02_TeamMG_TeamA3,354,left
28,1902_02_TeamMG_TeamA3,356,left
29,1902_02_TeamMG_TeamA3,358,right
30,1903_08_TeamNJ_TeamB,54,left
31,1903_08_TeamNJ_TeamB,64,left
32,1903_08_TeamNJ_TeamB,90,right
33,1903_08_TeamNJ_TeamB,101,left
34,1903_08_TeamNJ_TeamB,103,right
35,1903_08_TeamNJ_TeamB,107,right
36,1903_08_TeamNJ_TeamB,124,right
37,1903_08_TeamNJ_TeamB,171,right
38,1903_08_TeamNJ_TeamB,173,left
39,1903_08_TeamNJ_TeamB,175,left
40,1903_08_TeamNJ_TeamB,190,right
41,1903_08_TeamNJ_TeamB,192,left
42,1903_08_TeamNJ_TeamB,213,right
43,1903_08_TeamNJ_TeamB,232,left
44,1900_08_TeamKL_TeamB,186,right
45,1903_23_TeamNA_TeamA1,26,right
46,1903_23_TeamNA_TeamA1,46,right
47,1903_23_TeamNA_TeamA1,67,right
48,1903_23_TeamNA_TeamA1,110,left
49,1903_23_TeamNA_TeamA1,115,left
50,1903_23_TeamNA_TeamA1,124,left
51,1903_23_TeamNA_TeamA1,140,left
52,1903_23_TeamNA_TeamA1,196,left
53,1903_23_TeamNA_TeamA1,221,right
54,1903_23_TeamNA_TeamA1,254,left
55,1903_23_TeamNA_TeamA1,273,left
56,1902_19_TeamME_TeamA2,23,left
57,1902_19_TeamME_TeamA2,24,left
58,1902_19_TeamME_TeamA2,62,left
59,1902_19_TeamME_TeamA2,143,right
60,1902_19_TeamME_TeamA2,154,left
61,1902_19_TeamME_TeamA2,161,left
62,1902_19_TeamME_TeamA2,179,left
63,1902_19_TeamME_TeamA2,213,right
64,1902_19_TeamME_TeamA2,235,left
65,1902_19_TeamME_TeamA2,243,right
66,1902_19_TeamME_TeamA2,261,left
67,1902_19_TeamME_TeamA2,280,left
68,1901_08_TeamLK_TeamB,62,right
69,1901_08_TeamLK_TeamB,84,right
70,1901_08_TeamLK_TeamB,111,left
71,1901_08_TeamLK_TeamB,117,right
72,1901_08_TeamLK_TeamB,139,left
73,1901_08_TeamLK_TeamB,143,left
74,1901_08_TeamLK_TeamB,150,right
75,1901_08_TeamLK_TeamB,158,right
76,1901_08_TeamLK_TeamB,184,right
77,1901_08_TeamLK_TeamB,193,right
78,1901_08_TeamLK_TeamB,200,left
79,1901_08_TeamLK_TeamB,248,left
80,1902_22_TeamMA_TeamA1,75,left
81,1902_22_TeamMA_TeamA1,84,right
82,1902_22_TeamMA_TeamA1,104,left
83,1902_22_TeamMA_TeamA1,151,right
84,1902_22_TeamMA_TeamA1,155,left
85,1902_22_TeamMA_TeamA1,157,left
86,1902_22_TeamMA_TeamA1,161,right
87,1902_22_TeamMA_TeamA1,164,right
88,1902_22_TeamMA_TeamA1,182,left
89,1902_22_TeamMA_TeamA1,193,right
90,1902_22_TeamMA_TeamA1,195,right
91,1902_22_TeamMA_TeamA1,226,left
92,1902_22_TeamMA_TeamA1,249,right
93,1902_12_TeamMI_TeamA3,13,right
94,1902_12_TeamMI_TeamA3,24,left
95,1902_12_TeamMI_TeamA3,138,right
96,1902_12_TeamMI_TeamA3,174,left
97,1902_12_TeamMI_TeamA3,178,left
98,1902_12_TeamMI_TeamA3,196,right
99,1902_12_TeamMI_TeamA3,208,right
100,1902_12_TeamMI_TeamA3,260,right
101,1902_12_TeamMI_TeamA3,266,right
102,1903_11_TeamNC_TeamA1,13,left
103,1903_11_TeamNC_TeamA1,52,left
104,1903_11_TeamNC_TeamA1,59,left
105,1903_11_TeamNC_TeamA1,90,left
106,1903_11_TeamNC_TeamA1,98,left
107,1903_11_TeamNC_TeamA1,110,left
108,1903_11_TeamNC_TeamA1,139,left
109,1903_11_TeamNC_TeamA1,188,right
110,1903_11_TeamNC_TeamA1,193,left
111,1903_11_TeamNC_TeamA1,200,right
112,1903_11_TeamNC_TeamA1,207,left
113,1903_11_TeamNC_TeamA1,231,right
114,1903_11_TeamNC_TeamA1,240,left
115,1903_11_TeamNC_TeamA1,259,right
116,1903_11_TeamNC_TeamA1,263,right
117,1903_11_TeamNC_TeamA1,264,left
118,1900_07_TeamKL_TeamB,8,left
119,1900_07_TeamKL_TeamB,11,right
120,1900_07_TeamKL_TeamB,15,right
121,1900_07_TeamKL_TeamB,21,left
122,1900_07_TeamKL_TeamB,83,left
123,1900_07_TeamKL_TeamB,131,right
124,1900_07_TeamKL_TeamB,134,right
125,1900_07_TeamKL_TeamB,136,right
126,1900_07_TeamKL_TeamB,179,right
127,1900_07_TeamKL_TeamB,184,left
128,1900_07_TeamKL_TeamB,185,left
129,1902_13_TeamMD_TeamA2,17,left
130,1902_13_TeamMD_TeamA2,20,left
131,1902_13_TeamMD_TeamA2,38,left
132,1902_13_TeamMD_TeamA2,44,right
133,1902_13_TeamMD_TeamA2,88,right
134,1902_13_TeamMD_TeamA2,91,left
135,1902_13_TeamMD_TeamA2,108,right
136,1902_13_TeamMD_TeamA2,248,right
137,1902_13_TeamMD_TeamA2,264,right
138,1902_13_TeamMD_TeamA2,318,left
139,1903_17_TeamNI_TeamA3,6,right
140,1903_17_TeamNI_TeamA3,43,right
141,1903_17_TeamNI_TeamA3,76,left
142,1903_17_TeamNI_TeamA3,84,right
143,1903_17_TeamNI_TeamA3,98,right
144,1903_17_TeamNI_TeamA3,109,right
145,1903_17_TeamNI_TeamA3,121,left
146,1903_17_TeamNI_TeamA3,138,left
147,1903_17_TeamNI_TeamA3,173,right
148,1903_17_TeamNI_TeamA3,193,left
149,1903_17_TeamNI_TeamA3,203,left
150,1903_17_TeamNI_TeamA3,228,right
151,1903_17_TeamNI_TeamA3,235,left
152,1903_17_TeamNI_TeamA3,237,right
153,1903_17_TeamNI_TeamA3,255,left
154,1903_27_TeamNK_TeamB,3,right
155,1903_27_TeamNK_TeamB,102,right
156,1903_27_TeamNK_TeamB,123,right
157,1903_27_TeamNK_TeamB,135,left
158,1903_27_TeamNK_TeamB,139,left
159,1903_27_TeamNK_TeamB,247,right
160,1903_27_TeamNK_TeamB,273,left
161,1901_12_TeamLJ_TeamB,23,left
162,1901_12_TeamLJ_TeamB,58,left
163,1901_12_TeamLJ_TeamB,83,left
164,1901_12_TeamLJ_TeamB,110,left
165,1901_12_TeamLJ_TeamB,139,right
166,1901_12_TeamLJ_TeamB,263,right
167,1901_12_TeamLJ_TeamB,268,right
168,1901_12_TeamLJ_TeamB,269,left
169,1902_03_TeamMG_TeamA3,15,left
170,1902_03_TeamMG_TeamA3,16,right
171,1902_03_TeamMG_TeamA3,24,right
172,1902_03_TeamMG_TeamA3,28,left
173,1902_03_TeamMG_TeamA3,53,right
174,1902_03_TeamMG_TeamA3,99,right
175,1902_03_TeamMG_TeamA3,102,right
176,1902_03_TeamMG_TeamA3,106,right
177,1902_03_TeamMG_TeamA3,122,right
178,1902_03_TeamMG_TeamA3,126,right
179,1902_03_TeamMG_TeamA3,137,left
180,1902_03_TeamMG_TeamA3,146,left
181,1902_03_TeamMG_TeamA3,230,left
182,1902_03_TeamMG_TeamA3,321,left
183,1900_09_TeamKK_TeamB,35,left
184,1900_09_TeamKK_TeamB,91,right
185,1900_09_TeamKK_TeamB,137,left
186,1900_09_TeamKK_TeamB,160,left
187,1900_09_TeamKK_TeamB,170,right
188,1901_01_TeamLG_TeamA3,21,right
189,1901_01_TeamLG_TeamA3,26,left
190,1901_01_TeamLG_TeamA3,28,right
191,1901_01_TeamLG_TeamA3,43,right
192,1901_01_TeamLG_TeamA3,72,right
193,1901_01_TeamLG_TeamA3,103,right
194,1901_01_TeamLG_TeamA3,119,right
195,1901_01_TeamLG_TeamA3,167,left
196,1901_01_TeamLG_TeamA3,176,right
197,1901_01_TeamLG_TeamA3,223,right
198,1901_01_TeamLG_TeamA3,235,left
199,1901_01_TeamLG_TeamA3,241,left
200,1900_03_TeamKJ_TeamB,137,left
201,1903_22_TeamNA_TeamA1,4,left
202,1903_22_TeamNA_TeamA1,20,left
203,1903_22_TeamNA_TeamA1,52,left
204,1903_22_TeamNA_TeamA1,75,left
205,1903_22_TeamNA_TeamA1,76,left
206,1903_22_TeamNA_TeamA1,135,left
207,1903_22_TeamNA_TeamA1,152,right
208,1903_22_TeamNA_TeamA1,225,right
209,1903_22_TeamNA_TeamA1,246,left
210,1902_16_TeamMD_TeamA2,3,left
211,1902_16_TeamMD_TeamA2,24,right
212,1902_16_TeamMD_TeamA2,37,left
213,1902_16_TeamMD_TeamA2,77,right
214,1902_16_TeamMD_TeamA2,80,left
215,1902_16_TeamMD_TeamA2,83,right
216,1902_16_TeamMD_TeamA2,84,left
217,1902_16_TeamMD_TeamA2,90,right
218,1902_16_TeamMD_TeamA2,112,left
219,1902_16_TeamMD_TeamA2,116,left
220,1902_16_TeamMD_TeamA2,127,left
221,1902_16_TeamMD_TeamA2,131,right
222,1902_16_TeamMD_TeamA2,146,right
223,1902_16_TeamMD_TeamA2,149,left
224,1902_16_TeamMD_TeamA2,173,right
225,1902_16_TeamMD_TeamA2,179,right
226,1902_16_TeamMD_TeamA2,187,left
227,1902_16_TeamMD_TeamA2,189,right
228,1902_16_TeamMD_TeamA2,205,left
229,1902_16_TeamMD_TeamA2,237,right
230,1902_16_TeamMD_TeamA2,244,right
231,1903_32_TeamNB_TeamA1,3,left
232,1903_32_TeamNB_TeamA1,18,left
233,1903_32_TeamNB_TeamA1,38,right
234,1903_32_TeamNB_TeamA1,39,left
235,1903_32_TeamNB_TeamA1,42,right
236,1903_32_TeamNB_TeamA1,54,left
237,1903_32_TeamNB_TeamA1,58,right
238,1903_32_TeamNB_TeamA1,74,right
239,1903_32_TeamNB_TeamA1,76,right
240,1903_32_TeamNB_TeamA1,80,right
241,1903_32_TeamNB_TeamA1,84,right
242,1903_32_TeamNB_TeamA1,101,left
243,1903_32_TeamNB_TeamA1,129,left
244,1903_32_TeamNB_TeamA1,132,right
245,1903_32_TeamNB_TeamA1,144,right
246,1901_07_TeamLK_TeamB,6,right
247,1901_07_TeamLK_TeamB,24,right
248,1901_07_TeamLK_TeamB,38,right
249,1901_07_TeamLK_TeamB,53,right
250,1901_07_TeamLK_TeamB,54,left
251,1901_07_TeamLK_TeamB,66,right
252,1901_07_TeamLK_TeamB,125,right
253,1901_07_TeamLK_TeamB,164,right
254,1901_07_TeamLK_TeamB,182,right
255,1901_07_TeamLK_TeamB,194,left
256,1901_07_TeamLK_TeamB,249,right
257,1902_23_TeamMA_TeamA1,3,left
258,1902_23_TeamMA_TeamA1,6,left
259,1902_23_TeamMA_TeamA1,31,right
260,1902_23_TeamMA_TeamA1,39,right
261,1902_23_TeamMA_TeamA1,130,left
262,1902_23_TeamMA_TeamA1,143,left
263,1902_23_TeamMA_TeamA1,152,left
264,1902_23_TeamMA_TeamA1,221,left
265,1902_23_TeamMA_TeamA1,222,left
266,1902_23_TeamMA_TeamA1,255,left
267,1902_15_TeamMK_TeamB,24,right
268,1902_15_TeamMK_TeamB,40,left
269,1902_15_TeamMK_TeamB,53,left
270,1902_15_TeamMK_TeamB,93,right
271,1902_15_TeamMK_TeamB,99,right
272,1902_15_TeamMK_TeamB,127,left
273,1902_15_TeamMK_TeamB,183,right
274,1902_15_TeamMK_TeamB,191,right
275,1902_15_TeamMK_TeamB,209,right
276,1902_15_TeamMK_TeamB,215,left
277,1902_15_TeamMK_TeamB,257,left
278,1902_15_TeamMK_TeamB,261,left
279,1902_04_TeamML_TeamB,15,left
280,1902_04_TeamML_TeamB,39,left
281,1902_04_TeamML_TeamB,40,right
282,1902_04_TeamML_TeamB,43,right
283,1902_04_TeamML_TeamB,53,right
284,1902_04_TeamML_TeamB,93,right
285,1902_04_TeamML_TeamB,104,right
286,1902_04_TeamML_TeamB,109,right
287,1902_04_TeamML_TeamB,110,right
288,1902_04_TeamML_TeamB,135,right
289,1902_04_TeamML_TeamB,140,right
290,1902_04_TeamML_TeamB,158,right
291,1902_04_TeamML_TeamB,165,left
292,1902_04_TeamML_TeamB,192,right
293,1902_04_TeamML_TeamB,205,right
294,1902_04_TeamML_TeamB,275,right
295,1903_24_TeamNA_TeamA1,10,left
296,1903_24_TeamNA_TeamA1,60,left
297,1903_24_TeamNA_TeamA1,108,right
298,1903_24_TeamNA_TeamA1,123,right
299,1903_24_TeamNA_TeamA1,142,left
300,1903_24_TeamNA_TeamA1,147,left
301,1903_24_TeamNA_TeamA1,148,left
302,1903_24_TeamNA_TeamA1,156,right
303,1903_24_TeamNA_TeamA1,168,right
304,1903_24_TeamNA_TeamA1,203,left
305,1903_24_TeamNA_TeamA1,206,left
306,1903_24_TeamNA_TeamA1,207,right
307,1903_03_TeamNE_TeamA2,3,right
308,1903_03_TeamNE_TeamA2,23,left
309,1903_03_TeamNE_TeamA2,33,left
310,1903_03_TeamNE_TeamA2,36,left
311,1903_03_TeamNE_TeamA2,52,right
312,1903_03_TeamNE_TeamA2,55,left
313,1903_03_TeamNE_TeamA2,62,left
314,1903_03_TeamNE_TeamA2,90,right
315,1903_03_TeamNE_TeamA2,91,left
316,1903_03_TeamNE_TeamA2,96,left
317,1903_03_TeamNE_TeamA2,128,left
318,1903_03_TeamNE_TeamA2,148,right
319,1903_03_TeamNE_TeamA2,149,left
320,1903_03_TeamNE_TeamA2,166,right
321,1903_03_TeamNE_TeamA2,173,right
322,1903_03_TeamNE_TeamA2,176,right
323,1903_03_TeamNE_TeamA2,214,right
324,1903_03_TeamNE_TeamA2,231,right
325,1903_03_TeamNE_TeamA2,243,left
326,1903_03_TeamNE_TeamA2,260,left
327,1903_03_TeamNE_TeamA2,296,left
328,1903_12_TeamNC_TeamA1,6,right
329,1903_12_TeamNC_TeamA1,24,left
330,1903_12_TeamNC_TeamA1,35,right
331,1903_12_TeamNC_TeamA1,48,left
332,1903_12_TeamNC_TeamA1,81,right
333,1903_12_TeamNC_TeamA1,90,right
334,1903_12_TeamNC_TeamA1,100,right
335,1903_12_TeamNC_TeamA1,103,left
336,1903_12_TeamNC_TeamA1,115,left
337,1903_12_TeamNC_TeamA1,121,left
338,1903_12_TeamNC_TeamA1,130,left
339,1903_12_TeamNC_TeamA1,208,right
340,1903_12_TeamNC_TeamA1,218,right
341,1903_12_TeamNC_TeamA1,237,right
342,1903_09_TeamNJ_TeamB,15,left
343,1903_09_TeamNJ_TeamB,50,left
344,1903_09_TeamNJ_TeamB,58,right
345,1903_09_TeamNJ_TeamB,60,left
346,1903_09_TeamNJ_TeamB,107,left
347,1903_09_TeamNJ_TeamB,110,right
348,1903_09_TeamNJ_TeamB,133,left
349,1903_09_TeamNJ_TeamB,156,left
350,1903_09_TeamNJ_TeamB,173,left
351,1903_09_TeamNJ_TeamB,186,right
352,1903_09_TeamNJ_TeamB,193,left
353,1903_09_TeamNJ_TeamB,211,right
354,1903_09_TeamNJ_TeamB,249,right
355,1903_09_TeamNJ_TeamB,263,right
356,1903_19_TeamNL_TeamB,5,left
357,1903_19_TeamNL_TeamB,11,right
358,1903_19_TeamNL_TeamB,14,right
359,1903_19_TeamNL_TeamB,23,left
360,1903_19_TeamNL_TeamB,48,left
361,1903_19_TeamNL_TeamB,58,right
362,1903_19_TeamNL_TeamB,61,left
363,1903_19_TeamNL_TeamB,67,left
364,1903_19_TeamNL_TeamB,194,right
365,1903_19_TeamNL_TeamB,264,right
366,1903_19_TeamNL_TeamB,265,right
367,1903_19_TeamNL_TeamB,272,right
368,1901_13_TeamLL_TeamB,69,right
369,1901_13_TeamLL_TeamB,136,right
370,1901_13_TeamLL_TeamB,138,right
371,1901_13_TeamLL_TeamB,140,right
372,1901_13_TeamLL_TeamB,164,left
373,1901_13_TeamLL_TeamB,180,left
374,1901_13_TeamLL_TeamB,183,left
375,1901_13_TeamLL_TeamB,193,left
376,1901_13_TeamLL_TeamB,195,right
377,1901_13_TeamLL_TeamB,204,right
378,1901_13_TeamLL_TeamB,233,right
379,1901_02_TeamLG_TeamA3,29,left
380,1901_02_TeamLG_TeamA3,33,left
381,1901_02_TeamLG_TeamA3,94,left
382,1901_02_TeamLG_TeamA3,125,right
383,1901_02_TeamLG_TeamA3,229,right
384,1901_02_TeamLG_TeamA3,236,left
385,1901_02_TeamLG_TeamA3,296,left
386,1903_31_TeamNB_TeamA1,18,right
387,1903_31_TeamNB_TeamA1,53,right
388,1903_31_TeamNB_TeamA1,124,left
389,1903_31_TeamNB_TeamA1,132,left
390,1903_31_TeamNB_TeamA1,150,right
391,1903_31_TeamNB_TeamA1,221,right
392,1903_31_TeamNB_TeamA1,238,right
393,1903_31_TeamNB_TeamA1,241,left
394,1903_31_TeamNB_TeamA1,284,right
395,1903_31_TeamNB_TeamA1,290,right
396,1903_31_TeamNB_TeamA1,297,left
397,1901_09_TeamLK_TeamB,11,left
398,1901_09_TeamLK_TeamB,12,left
399,1901_09_TeamLK_TeamB,19,left
400,1901_09_TeamLK_TeamB,38,left
401,1901_09_TeamLK_TeamB,42,left
402,1901_09_TeamLK_TeamB,53,right
403,1901_09_TeamLK_TeamB,78,right
404,1901_09_TeamLK_TeamB,91,left
405,1901_09_TeamLK_TeamB,96,right
406,1901_09_TeamLK_TeamB,143,left
407,1901_09_TeamLK_TeamB,160,left
408,1901_09_TeamLK_TeamB,176,left
409,1901_09_TeamLK_TeamB,193,right
410,1901_09_TeamLK_TeamB,205,left
411,1901_09_TeamLK_TeamB,207,left
412,1902_18_TeamMB_TeamA1,28,left
413,1902_18_TeamMB_TeamA1,31,right
414,1902_18_TeamMB_TeamA1,48,right
415,1902_18_TeamMB_TeamA1,71,left
416,1902_18_TeamMB_TeamA1,75,right
417,1902_18_TeamMB_TeamA1,86,right
418,1902_18_TeamMB_TeamA1,96,right
419,1902_18_TeamMB_TeamA1,112,right
420,1902_18_TeamMB_TeamA1,146,left
421,1902_18_TeamMB_TeamA1,158,left
422,1902_18_TeamMB_TeamA1,190,right
423,1902_18_TeamMB_TeamA1,193,right
424,1902_18_TeamMB_TeamA1,196,left
425,1902_10_TeamMI_TeamA3,34,right
426,1902_10_TeamMI_TeamA3,107,right
427,1902_10_TeamMI_TeamA3,114,right
428,1902_10_TeamMI_TeamA3,162,right
429,1902_10_TeamMI_TeamA3,170,left
430,1902_10_TeamMI_TeamA3,176,left
431,1902_10_TeamMI_TeamA3,229,left
432,1902_10_TeamMI_TeamA3,258,right
433,1902_10_TeamMI_TeamA3,268,left
434,1902_10_TeamMI_TeamA3,282,right
435,1903_02_TeamNE_TeamA2,17,left
436,1903_02_TeamNE_TeamA2,42,right
437,1903_02_TeamNE_TeamA2,46,right
438,1903_02_TeamNE_TeamA2,49,right
439,1903_02_TeamNE_TeamA2,55,right
440,1903_02_TeamNE_TeamA2,62,right
441,1903_02_TeamNE_TeamA2,64,right
442,1903_02_TeamNE_TeamA2,72,right
443,1903_02_TeamNE_TeamA2,96,right
444,1903_02_TeamNE_TeamA2,138,right
445,1903_02_TeamNE_TeamA2,141,right
446,1903_02_TeamNE_TeamA2,147,right
447,1903_02_TeamNE_TeamA2,151,right
448,1903_02_TeamNE_TeamA2,152,right
449,1903_02_TeamNE_TeamA2,168,right
450,1903_02_TeamNE_TeamA2,171,right
451,1903_02_TeamNE_TeamA2,194,right
452,1902_26_TeamMC_TeamA1,8,right
453,1902_26_TeamMC_TeamA1,20,left
454,1902_26_TeamMC_TeamA1,22,right
455,1902_26_TeamMC_TeamA1,34,left
456,1902_26_TeamMC_TeamA1,48,left
457,1902_26_TeamMC_TeamA1,56,right
458,1902_26_TeamMC_TeamA1,71,right
459,1902_26_TeamMC_TeamA1,115,right
460,1902_26_TeamMC_TeamA1,120,left
461,1902_26_TeamMC_TeamA1,188,right
462,1902_26_TeamMC_TeamA1,199,right
463,1902_26_TeamMC_TeamA1,204,left
464,1902_26_TeamMC_TeamA1,230,left
465,1902_26_TeamMC_TeamA1,254,right
466,1903_26_TeamNK_TeamB,26,left
467,1903_26_TeamNK_TeamB,42,right
468,1903_26_TeamNK_TeamB,59,right
469,1903_26_TeamNK_TeamB,74,right
470,1903_26_TeamNK_TeamB,76,left
471,1903_26_TeamNK_TeamB,118,right
472,1903_26_TeamNK_TeamB,174,right
473,1903_26_TeamNK_TeamB,183,left
474,1903_26_TeamNK_TeamB,193,right
475,1903_26_TeamNK_TeamB,199,left
476,1903_26_TeamNK_TeamB,237,right
477,1903_26_TeamNK_TeamB,239,right
478,1902_24_TeamMA_TeamA1,10,right
479,1902_24_TeamMA_TeamA1,14,left
480,1902_24_TeamMA_TeamA1,27,left
481,1902_24_TeamMA_TeamA1,36,left
482,1902_24_TeamMA_TeamA1,58,right
483,1902_24_TeamMA_TeamA1,65,left
484,1902_24_TeamMA_TeamA1,74,right
485,1902_24_TeamMA_TeamA1,76,right
486,1902_24_TeamMA_TeamA1,85,right
487,1902_24_TeamMA_TeamA1,89,right
488,1902_24_TeamMA_TeamA1,140,right
489,1902_24_TeamMA_TeamA1,141,left
490,1902_24_TeamMA_TeamA1,204,left
491,1902_24_TeamMA_TeamA1,234,right
492,1902_24_TeamMA_TeamA1,240,right
493,1902_24_TeamMA_TeamA1,278,right
494,1902_24_TeamMA_TeamA1,283,left
495,1902_24_TeamMA_TeamA1,284,left
496,1902_24_TeamMA_TeamA1,327,right
497,1902_24_TeamMA_TeamA1,369,right
498,1902_01_TeamMG_TeamA3,15,left
499,1902_01_TeamMG_TeamA3,64,right
500,1902_01_TeamMG_TeamA3,169,right
501,1902_01_TeamMG_TeamA3,189,right
502,1902_01_TeamMG_TeamA3,193,right
503,1902_01_TeamMG_TeamA3,212,left
504,1902_01_TeamMG_TeamA3,252,left
505,1901_18_TeamLH_TeamA3,27,right
506,1901_18_TeamLH_TeamA3,30,right
507,1901_18_TeamLH_TeamA3,247,left
508,1901_18_TeamLH_TeamA3,252,left
509,1901_18_TeamLH_TeamA3,255,left
510,1901_03_TeamLG_TeamA3,15,left
511,1901_03_TeamLG_TeamA3,21,right
512,1901_03_TeamLG_TeamA3,88,left
513,1901_03_TeamLG_TeamA3,90,right
514,1901_03_TeamLG_TeamA3,96,right
515,1901_03_TeamLG_TeamA3,115,left
516,1901_03_TeamLG_TeamA3,122,right
517,1901_03_TeamLG_TeamA3,144,left
518,1901_03_TeamLG_TeamA3,147,left
519,1901_03_TeamLG_TeamA3,162,left
520,1901_03_TeamLG_TeamA3,168,left
521,1901_03_TeamLG_TeamA3,171,right
522,1901_03_TeamLG_TeamA3,176,left
523,1901_03_TeamLG_TeamA3,179,left
524,1901_03_TeamLG_TeamA3,182,right
525,1901_03_TeamLG_TeamA3,205,right
526,1901_03_TeamLG_TeamA3,235,left
527,1901_03_TeamLG_TeamA3,237,right
528,1901_03_TeamLG_TeamA3,256,right
529,1902_14_TeamMK_TeamB,9,right
530,1902_14_TeamMK_TeamB,12,left
531,1902_14_TeamMK_TeamB,26,right
532,1902_14_TeamMK_TeamB,104,right
533,1902_14_TeamMK_TeamB,113,right
534,1902_14_TeamMK_TeamB,118,right
535,1902_14_TeamMK_TeamB,150,left
536,1902_14_TeamMK_TeamB,160,left
537,1902_14_TeamMK_TeamB,298,right
538,1902_05_TeamML_TeamB,36,left
539,1902_05_TeamML_TeamB,43,left
540,1902_05_TeamML_TeamB,143,left
541,1902_05_TeamML_TeamB,145,right
542,1902_05_TeamML_TeamB,155,right
543,1902_05_TeamML_TeamB,206,left
544,1902_05_TeamML_TeamB,214,right
545,1902_05_TeamML_TeamB,220,right
546,1902_05_TeamML_TeamB,226,left
547,1902_05_TeamML_TeamB,276,right
548,1902_05_TeamML_TeamB,311,left
549,1902_14_TeamMD_TeamA2,2,right
550,1902_14_TeamMD_TeamA2,21,right
551,1902_14_TeamMD_TeamA2,27,left
552,1902_14_TeamMD_TeamA2,66,left
553,1902_14_TeamMD_TeamA2,98,right
554,1902_14_TeamMD_TeamA2,110,right
555,1902_14_TeamMD_TeamA2,121,left
556,1902_14_TeamMD_TeamA2,173,left
557,1902_14_TeamMD_TeamA2,192,left
558,1902_14_TeamMD_TeamA2,199,left
559,1902_14_TeamMD_TeamA2,245,right
560,1902_14_TeamMD_TeamA2,247,right
561,1902_14_TeamMD_TeamA2,280,left
562,1902_14_TeamMD_TeamA2,284,right
563,1902_14_TeamMD_TeamA2,314,right
564,1902_14_TeamMD_TeamA2,327,left
565,1903_30_TeamNB_TeamA1,3,right
566,1903_30_TeamNB_TeamA1,29,right
567,1903_30_TeamNB_TeamA1,61,right
568,1903_30_TeamNB_TeamA1,64,right
569,1903_30_TeamNB_TeamA1,104,right
570,1903_30_TeamNB_TeamA1,116,right
571,1903_30_TeamNB_TeamA1,138,right
572,1903_30_TeamNB_TeamA1,171,left
573,1903_30_TeamNB_TeamA1,211,right
574,1903_30_TeamNB_TeamA1,219,left
575,1903_30_TeamNB_TeamA1,263,right
576,1903_30_TeamNB_TeamA1,268,right
577,1902_11_TeamMI_TeamA3,11,left
578,1902_11_TeamMI_TeamA3,70,left
579,1902_11_TeamMI_TeamA3,73,right
580,1902_11_TeamMI_TeamA3,93,left
581,1902_11_TeamMI_TeamA3,144,left
582,1902_11_TeamMI_TeamA3,175,right
583,1902_11_TeamMI_TeamA3,212,left
584,1902_11_TeamMI_TeamA3,267,left
585,1901_06_TeamLI_TeamA3,30,left
586,1901_06_TeamLI_TeamA3,46,right
587,1901_06_TeamLI_TeamA3,64,right
588,1901_06_TeamLI_TeamA3,71,right
589,1901_06_TeamLI_TeamA3,122,left
590,1902_27_TeamMH_TeamA3,57,left
591,1902_27_TeamMH_TeamA3,124,left
592,1902_27_TeamMH_TeamA3,191,right
593,1902_27_TeamMH_TeamA3,237,left
594,1902_27_TeamMH_TeamA3,265,left
595,1902_27_TeamMH_TeamA3,272,right
596,1902_27_TeamMH_TeamA3,282,right
597,1903_05_TeamND_TeamA2,57,right
598,1903_05_TeamND_TeamA2,190,right
599,1903_05_TeamND_TeamA2,193,left
600,1903_05_TeamND_TeamA2,204,right
601,1903_05_TeamND_TeamA2,275,right
602,1903_05_TeamND_TeamA2,297,right
603,1903_26_TeamNH_TeamA3,7,left
604,1903_26_TeamNH_TeamA3,32,left
605,1903_26_TeamNH_TeamA3,58,right
606,1903_26_TeamNH_TeamA3,83,right
607,1903_26_TeamNH_TeamA3,116,right
608,1903_26_TeamNH_TeamA3,197,left
609,1903_26_TeamNH_TeamA3,255,left
610,1903_26_TeamNH_TeamA3,278,left
611,1903_26_TeamNH_TeamA3,284,right
612,1903_26_TeamNH_TeamA3,340,right
613,1902_13_TeamMK_TeamB,4,left
614,1902_13_TeamMK_TeamB,52,left
615,1902_13_TeamMK_TeamB,92,right
616,1902_13_TeamMK_TeamB,105,left
617,1902_13_TeamMK_TeamB,108,right
618,1902_13_TeamMK_TeamB,112,left
619,1902_13_TeamMK_TeamB,130,right
620,1902_13_TeamMK_TeamB,240,left
621,1902_13_TeamMK_TeamB,254,left
622,1902_13_TeamMK_TeamB,260,left
623,1902_13_TeamMK_TeamB,282,right
624,1902_13_TeamMK_TeamB,288,right
625,1903_15_TeamNG_TeamA3,3,left
626,1903_15_TeamNG_TeamA3,41,right
627,1903_15_TeamNG_TeamA3,88,right
628,1903_15_TeamNG_TeamA3,114,left
629,1903_15_TeamNG_TeamA3,117,right
630,1903_15_TeamNG_TeamA3,140,left
631,1903_15_TeamNG_TeamA3,147,right
632,1903_15_TeamNG_TeamA3,158,right
633,1903_15_TeamNG_TeamA3,271,left
634,1903_15_TeamNG_TeamA3,279,left
635,1903_20_TeamNL_TeamB,9,right
636,1903_20_TeamNL_TeamB,31,left
637,1903_20_TeamNL_TeamB,65,left
638,1903_20_TeamNL_TeamB,102,left
639,1903_20_TeamNL_TeamB,124,right
640,1903_20_TeamNL_TeamB,161,left
641,1903_20_TeamNL_TeamB,188,left
642,1903_20_TeamNL_TeamB,196,right
643,1903_20_TeamNL_TeamB,220,left
644,1903_20_TeamNL_TeamB,224,left
645,1903_20_TeamNL_TeamB,245,left
646,1902_06_TeamML_TeamB,22,right
647,1902_06_TeamML_TeamB,32,right
648,1902_06_TeamML_TeamB,45,left
649,1902_06_TeamML_TeamB,87,left
650,1902_06_TeamML_TeamB,118,right
651,1902_06_TeamML_TeamB,125,left
652,1902_06_TeamML_TeamB,154,left
653,1902_06_TeamML_TeamB,191,left
654,1902_06_TeamML_TeamB,267,left
655,1902_06_TeamML_TeamB,288,right
656,1903_18_TeamNI_TeamA3,5,left
657,1903_18_TeamNI_TeamA3,22,left
658,1903_18_TeamNI_TeamA3,41,right
659,1903_18_TeamNI_TeamA3,46,right
660,1903_18_TeamNI_TeamA3,50,right
661,1903_18_TeamNI_TeamA3,57,right
662,1903_18_TeamNI_TeamA3,79,left
663,1903_18_TeamNI_TeamA3,103,left
664,1903_18_TeamNI_TeamA3,123,left
665,1903_18_TeamNI_TeamA3,140,left
666,1903_18_TeamNI_TeamA3,154,right
667,1903_18_TeamNI_TeamA3,251,right
668,1902_09_TeamMJ_TeamB,1,right
669,1902_09_TeamMJ_TeamB,10,left
670,1902_09_TeamMJ_TeamB,23,left
671,1902_09_TeamMJ_TeamB,36,right
672,1902_09_TeamMJ_TeamB,184,left
673,1902_09_TeamMJ_TeamB,282,right
674,1902_09_TeamMJ_TeamB,304,left
675,1902_09_TeamMJ_TeamB,312,left
676,1901_14_TeamLL_TeamB,22,left
677,1901_14_TeamLL_TeamB,105,left
678,1901_14_TeamLL_TeamB,145,left
679,1901_14_TeamLL_TeamB,199,left
680,1901_14_TeamLL_TeamB,219,right
681,1902_26_TeamMH_TeamA3,4,right
682,1902_26_TeamMH_TeamA3,59,right
683,1902_26_TeamMH_TeamA3,99,right
684,1902_26_TeamMH_TeamA3,111,right
685,1902_26_TeamMH_TeamA3,130,left
686,1902_26_TeamMH_TeamA3,156,left
687,1902_26_TeamMH_TeamA3,166,right
688,1902_26_TeamMH_TeamA3,202,right
689,1902_26_TeamMH_TeamA3,254,right
690,1902_26_TeamMH_TeamA3,260,left
691,1902_26_TeamMH_TeamA3,291,left
692,1902_26_TeamMH_TeamA3,297,right
693,1902_26_TeamMH_TeamA3,306,left
694,1901_10_TeamLJ_TeamB,10,right
695,1901_10_TeamLJ_TeamB,29,left
696,1901_10_TeamLJ_TeamB,37,left
697,1901_10_TeamLJ_TeamB,84,right
698,1901_10_TeamLJ_TeamB,87,right
699,1901_10_TeamLJ_TeamB,93,left
700,1901_10_TeamLJ_TeamB,132,right
701,1901_10_TeamLJ_TeamB,165,left
702,1901_10_TeamLJ_TeamB,176,right
703,1901_10_TeamLJ_TeamB,181,right
704,1901_10_TeamLJ_TeamB,185,left
705,1901_10_TeamLJ_TeamB,192,left
706,1901_10_TeamLJ_TeamB,197,left
707,1901_10_TeamLJ_TeamB,214,left
708,1901_10_TeamLJ_TeamB,216,right
709,1901_10_TeamLJ_TeamB,249,right
710,1901_10_TeamLJ_TeamB,251,right
711,1903_27_TeamNH_TeamA3,24,left
712,1903_27_TeamNH_TeamA3,50,left
713,1903_27_TeamNH_TeamA3,92,right
714,1903_27_TeamNH_TeamA3,99,right
715,1903_27_TeamNH_TeamA3,109,left
716,1903_27_TeamNH_TeamA3,126,left
717,1903_27_TeamNH_TeamA3,136,right
718,1903_27_TeamNH_TeamA3,143,right
719,1903_27_TeamNH_TeamA3,150,left
720,1903_27_TeamNH_TeamA3,233,left
721,1903_25_TeamNK_TeamB,3,right
722,1903_25_TeamNK_TeamB,50,right
723,1903_25_TeamNK_TeamB,73,left
724,1903_25_TeamNK_TeamB,77,right
725,1903_25_TeamNK_TeamB,118,left
726,1903_25_TeamNK_TeamB,120,right
727,1903_25_TeamNK_TeamB,149,left
728,1903_25_TeamNK_TeamB,156,right
729,1903_25_TeamNK_TeamB,179,left
730,1903_25_TeamNK_TeamB,184,right
731,1903_25_TeamNK_TeamB,188,left
732,1903_25_TeamNK_TeamB,219,left
733,1903_25_TeamNK_TeamB,237,left
734,1903_25_TeamNK_TeamB,258,right
735,1903_14_TeamNG_TeamA3,9,right
736,1903_14_TeamNG_TeamA3,13,right
737,1903_14_TeamNG_TeamA3,45,left
738,1903_14_TeamNG_TeamA3,56,right
739,1903_14_TeamNG_TeamA3,84,left
740,1903_14_TeamNG_TeamA3,137,right
741,1903_14_TeamNG_TeamA3,192,right
742,1903_14_TeamNG_TeamA3,228,left
743,1903_14_TeamNG_TeamA3,233,left
744,1903_14_TeamNG_TeamA3,246,right
745,1902_29_TeamMF_TeamA2,5,left
746,1902_29_TeamMF_TeamA2,15,right
747,1902_29_TeamMF_TeamA2,20,left
748,1902_29_TeamMF_TeamA2,24,left
749,1902_29_TeamMF_TeamA2,30,left
750,1902_29_TeamMF_TeamA2,47,left
751,1902_29_TeamMF_TeamA2,58,left
752,1902_29_TeamMF_TeamA2,95,left
753,1902_29_TeamMF_TeamA2,132,left
754,1902_29_TeamMF_TeamA2,136,right
755,1902_29_TeamMF_TeamA2,159,right
756,1902_29_TeamMF_TeamA2,160,left
757,1902_29_TeamMF_TeamA2,222,right
758,1902_28_TeamMC_TeamA1,16,right
759,1902_28_TeamMC_TeamA1,28,right
760,1902_28_TeamMC_TeamA1,44,left
761,1902_28_TeamMC_TeamA1,57,left
762,1902_28_TeamMC_TeamA1,71,right
763,1902_28_TeamMC_TeamA1,113,left
764,1902_28_TeamMC_TeamA1,149,left
765,1902_28_TeamMC_TeamA1,167,left
766,1902_28_TeamMC_TeamA1,179,left
767,1902_28_TeamMC_TeamA1,192,left
768,1902_07_TeamMJ_TeamB,73,left
769,1902_07_TeamMJ_TeamB,76,right
770,1902_07_TeamMJ_TeamB,85,right
771,1902_07_TeamMJ_TeamB,93,right
772,1902_07_TeamMJ_TeamB,121,right
773,1902_07_TeamMJ_TeamB,125,left
774,1902_07_TeamMJ_TeamB,129,right
775,1902_07_TeamMJ_TeamB,166,right
776,1902_07_TeamMJ_TeamB,180,left
777,1902_07_TeamMJ_TeamB,195,left
778,1902_07_TeamMJ_TeamB,232,left
779,1902_07_TeamMJ_TeamB,237,left
780,1902_07_TeamMJ_TeamB,252,right
781,1902_07_TeamMJ_TeamB,281,right
782,1902_07_TeamMJ_TeamB,288,left
783,1901_04_TeamLI_TeamA3,91,left
784,1901_04_TeamLI_TeamA3,95,left
785,1901_04_TeamLI_TeamA3,142,left
786,1901_04_TeamLI_TeamA3,237,left
787,1901_04_TeamLI_TeamA3,295,left
788,1901_04_TeamLI_TeamA3,313,left
789,1903_28_TeamNF_TeamA2,90,left
790,1903_28_TeamNF_TeamA2,110,right
791,1903_28_TeamNF_TeamA2,168,right
792,1903_28_TeamNF_TeamA2,196,left
793,1903_28_TeamNF_TeamA2,256,right
794,1901_16_TeamLH_TeamA3,9,right
795,1901_16_TeamLH_TeamA3,22,left
796,1901_16_TeamLH_TeamA3,73,right
797,1901_16_TeamLH_TeamA3,117,right
798,1901_16_TeamLH_TeamA3,118,left
799,1901_16_TeamLH_TeamA3,211,right
800,1901_16_TeamLH_TeamA3,214,right
801,1901_16_TeamLH_TeamA3,242,left
802,1902_25_TeamMH_TeamA3,79,right
803,1902_25_TeamMH_TeamA3,87,right
804,1902_25_TeamMH_TeamA3,122,left
805,1902_25_TeamMH_TeamA3,126,left
806,1902_25_TeamMH_TeamA3,151,right
807,1902_25_TeamMH_TeamA3,157,left
808,1902_25_TeamMH_TeamA3,166,left
809,1902_25_TeamMH_TeamA3,169,left
810,1902_25_TeamMH_TeamA3,180,left
811,1902_25_TeamMH_TeamA3,322,left
812,1903_07_TeamND_TeamA2,74,right
813,1903_07_TeamND_TeamA2,81,right
814,1903_07_TeamND_TeamA2,110,left
815,1903_07_TeamND_TeamA2,120,left
816,1903_07_TeamND_TeamA2,125,right
817,1903_07_TeamND_TeamA2,271,left
818,1903_07_TeamND_TeamA2,283,left
819,1903_07_TeamND_TeamA2,290,left
820,1903_07_TeamND_TeamA2,313,left
821,1903_07_TeamND_TeamA2,322,right
822,1902_20_TeamME_TeamA2,8,right
823,1902_20_TeamME_TeamA2,34,right
824,1902_20_TeamME_TeamA2,49,left
825,1902_20_TeamME_TeamA2,53,right
826,1902_20_TeamME_TeamA2,61,right
827,1902_20_TeamME_TeamA2,95,left
828,1902_20_TeamME_TeamA2,105,right
829,1902_20_TeamME_TeamA2,124,right
830,1902_20_TeamME_TeamA2,129,right
831,1902_20_TeamME_TeamA2,141,left
832,1902_20_TeamME_TeamA2,171,right
833,1902_20_TeamME_TeamA2,193,right
834,1902_20_TeamME_TeamA2,198,right
835,1902_20_TeamME_TeamA2,229,left
836,1902_20_TeamME_TeamA2,232,right
837,1902_20_TeamME_TeamA2,298,left
838,1903_04_TeamNC_TeamA1,10,left
839,1903_04_TeamNC_TeamA1,25,left
840,1903_04_TeamNC_TeamA1,36,right
841,1903_04_TeamNC_TeamA1,38,right
842,1903_04_TeamNC_TeamA1,65,left
843,1903_04_TeamNC_TeamA1,67,right
844,1903_04_TeamNC_TeamA1,109,left
845,1903_04_TeamNC_TeamA1,111,right
846,1903_04_TeamNC_TeamA1,121,right
847,1903_04_TeamNC_TeamA1,144,right
848,1902_30_TeamMF_TeamA2,29,left
849,1902_30_TeamMF_TeamA2,37,left
850,1902_30_TeamMF_TeamA2,130,left
851,1902_30_TeamMF_TeamA2,150,left
852,1902_30_TeamMF_TeamA2,155,left
853,1902_30_TeamMF_TeamA2,178,left
854,1902_30_TeamMF_TeamA2,194,right
855,1902_30_TeamMF_TeamA2,216,right
856,1902_30_TeamMF_TeamA2,227,left
857,1902_30_TeamMF_TeamA2,248,right
858,1902_30_TeamMF_TeamA2,273,left
859,1902_30_TeamMF_TeamA2,320,right
860,1902_17_TeamMB_TeamA1,2,left
861,1902_17_TeamMB_TeamA1,9,right
862,1902_17_TeamMB_TeamA1,38,left
863,1902_17_TeamMB_TeamA1,54,left
864,1902_17_TeamMB_TeamA1,56,left
865,1902_17_TeamMB_TeamA1,57,right
866,1902_17_TeamMB_TeamA1,59,right
867,1902_17_TeamMB_TeamA1,70,left
868,1902_17_TeamMB_TeamA1,80,left
869,1902_17_TeamMB_TeamA1,81,right
870,1902_17_TeamMB_TeamA1,82,left
871,1902_17_TeamMB_TeamA1,83,left
872,1902_17_TeamMB_TeamA1,99,right
873,1902_17_TeamMB_TeamA1,102,right
874,1902_17_TeamMB_TeamA1,103,right
875,1902_17_TeamMB_TeamA1,115,left
876,1902_17_TeamMB_TeamA1,123,right
877,1902_17_TeamMB_TeamA1,126,right
878,1902_17_TeamMB_TeamA1,129,right
879,1902_17_TeamMB_TeamA1,139,left
880,1902_17_TeamMB_TeamA1,151,left
881,1902_17_TeamMB_TeamA1,155,left
882,1902_17_TeamMB_TeamA1,202,left
883,1902_17_TeamMB_TeamA1,246,right
884,1901_05_TeamLI_TeamA3,119,right
885,1901_05_TeamLI_TeamA3,150,left
886,1901_05_TeamLI_TeamA3,247,left
887,1901_05_TeamLI_TeamA3,334,right
888,1902_08_TeamMJ_TeamB,29,left
889,1902_08_TeamMJ_TeamB,99,left
890,1902_08_TeamMJ_TeamB,108,left
891,1902_08_TeamMJ_TeamB,123,left
892,1902_08_TeamMJ_TeamB,133,left
893,1902_08_TeamMJ_TeamB,158,left
894,1902_08_TeamMJ_TeamB,160,right
895,1902_08_TeamMJ_TeamB,164,right
896,1902_08_TeamMJ_TeamB,195,left
897,1902_08_TeamMJ_TeamB,227,right
898,1902_08_TeamMJ_TeamB,230,left
899,1902_08_TeamMJ_TeamB,316,right
900,1902_08_TeamMJ_TeamB,318,right
901,1902_08_TeamMJ_TeamB,321,right
902,1902_08_TeamMJ_TeamB,357,left
903,1903_10_TeamNJ_TeamB,5,left
904,1903_10_TeamNJ_TeamB,12,left
905,1903_10_TeamNJ_TeamB,18,right
906,1903_10_TeamNJ_TeamB,38,right
907,1903_10_TeamNJ_TeamB,67,right
908,1903_10_TeamNJ_TeamB,73,right
909,1903_10_TeamNJ_TeamB,95,right
910,1903_10_TeamNJ_TeamB,137,right
911,1903_10_TeamNJ_TeamB,200,left
912,1903_10_TeamNJ_TeamB,230,left
913,1903_29_TeamNF_TeamA2,16,right
914,1903_29_TeamNF_TeamA2,24,right
915,1903_29_TeamNF_TeamA2,31,right
916,1903_29_TeamNF_TeamA2,60,right
917,1903_29_TeamNF_TeamA2,67,left
918,1903_29_TeamNF_TeamA2,76,right
919,1903_29_TeamNF_TeamA2,114,right
920,1903_29_TeamNF_TeamA2,130,right
921,1903_29_TeamNF_TeamA2,143,right
922,1903_29_TeamNF_TeamA2,197,right
923,1903_29_TeamNF_TeamA2,211,left
924,1903_29_TeamNF_TeamA2,232,right
925,1903_29_TeamNF_TeamA2,254,left
926,1903_29_TeamNF_TeamA2,255,left
927,1901_17_TeamLH_TeamA3,12,right
928,1901_17_TeamLH_TeamA3,50,right
929,1901_17_TeamLH_TeamA3,61,right
930,1901_17_TeamLH_TeamA3,112,left
931,1901_17_TeamLH_TeamA3,140,left
932,1901_17_TeamLH_TeamA3,163,right
933,1901_17_TeamLH_TeamA3,188,right
934,1901_17_TeamLH_TeamA3,260,right
935,1901_17_TeamLH_TeamA3,283,left
936,1901_17_TeamLH_TeamA3,324,left
937,1901_17_TeamLH_TeamA3,330,right
938,1901_17_TeamLH_TeamA3,340,right
939,1901_15_TeamLL_TeamB,2,left
940,1901_15_TeamLL_TeamB,14,left
941,1901_15_TeamLL_TeamB,38,left
942,1901_15_TeamLL_TeamB,91,right
943,1901_15_TeamLL_TeamB,156,left
944,1901_15_TeamLL_TeamB,213,left
945,1901_15_TeamLL_TeamB,223,right
946,1901_15_TeamLL_TeamB,232,right
947,1901_15_TeamLL_TeamB,248,left
948,1903_13_TeamNG_TeamA3,49,right
949,1903_13_TeamNG_TeamA3,56,left
950,1903_13_TeamNG_TeamA3,60,right
951,1903_13_TeamNG_TeamA3,162,left
952,1903_13_TeamNG_TeamA3,207,right
953,1903_13_TeamNG_TeamA3,255,left
954,1903_21_TeamNL_TeamB,36,right
955,1903_21_TeamNL_TeamB,50,left
956,1903_21_TeamNL_TeamB,62,left
957,1903_21_TeamNL_TeamB,101,right
958,1903_21_TeamNL_TeamB,172,left
959,1903_30_TeamNF_TeamA2,1,left
960,1903_30_TeamNF_TeamA2,30,right
961,1903_30_TeamNF_TeamA2,32,right
962,1903_30_TeamNF_TeamA2,87,left
963,1903_30_TeamNF_TeamA2,89,left
964,1903_30_TeamNF_TeamA2,106,left
965,1903_30_TeamNF_TeamA2,113,left
966,1903_30_TeamNF_TeamA2,131,left
967,1903_30_TeamNF_TeamA2,138,left
968,1903_30_TeamNF_TeamA2,140,right
969,1903_30_TeamNF_TeamA2,147,left
970,1903_30_TeamNF_TeamA2,171,left
971,1903_30_TeamNF_TeamA2,193,right
972,1903_30_TeamNF_TeamA2,205,right
973,1903_30_TeamNF_TeamA2,207,right
974,1903_30_TeamNF_TeamA2,212,right
975,1903_30_TeamNF_TeamA2,259,right
976,1903_06_TeamND_TeamA2,17,right
977,1903_06_TeamND_TeamA2,29,left
978,1903_06_TeamND_TeamA2,36,left
979,1903_06_TeamND_TeamA2,56,left
980,1903_06_TeamND_TeamA2,88,right
981,1903_06_TeamND_TeamA2,93,right
982,1903_06_TeamND_TeamA2,123,left
983,1903_06_TeamND_TeamA2,157,left
984,1903_06_TeamND_TeamA2,207,right
985,1903_06_TeamND_TeamA2,237,left
986,1903_06_TeamND_TeamA2,248,left
987,1903_25_TeamNH_TeamA3,39,right
988,1903_25_TeamNH_TeamA3,67,right
989,1903_25_TeamNH_TeamA3,76,left
990,1903_25_TeamNH_TeamA3,111,left
991,1903_25_TeamNH_TeamA3,113,left
992,1903_25_TeamNH_TeamA3,129,right
993,1903_25_TeamNH_TeamA3,146,left
994,1903_25_TeamNH_TeamA3,151,right
995,1903_25_TeamNH_TeamA3,166,right
996,1903_25_TeamNH_TeamA3,224,left
997,1903_25_TeamNH_TeamA3,241,right
998,1902_21_TeamME_TeamA2,4,left
999,1902_21_TeamME_TeamA2,21,right
1000,1902_21_TeamME_TeamA2,33,left
1001,1902_21_TeamME_TeamA2,43,left
1002,1902_21_TeamME_TeamA2,48,left
1003,1902_21_TeamME_TeamA2,76,right
1004,1902_21_TeamME_TeamA2,77,right
1005,1902_21_TeamME_TeamA2,86,left
1006,1902_21_TeamME_TeamA2,99,left
1007,1902_21_TeamME_TeamA2,111,left
1008,1902_21_TeamME_TeamA2,141,right
1009,1902_21_TeamME_TeamA2,143,right
1010,1902_21_TeamME_TeamA2,164,left
1011,1902_21_TeamME_TeamA2,166,left
1012,1902_21_TeamME_TeamA2,174,left
1013,1902_21_TeamME_TeamA2,181,right
1014,1902_21_TeamME_TeamA2,187,right
1015,1902_21_TeamME_TeamA2,209,right
1016,1901_11_TeamLJ_TeamB,146,right
1017,1901_11_TeamLJ_TeamB,153,right
1018,1901_11_TeamLJ_TeamB,154,left
1019,1901_11_TeamLJ_TeamB,164,left
1020,1901_11_TeamLJ_TeamB,189,right
1021,1901_11_TeamLJ_TeamB,193,right
1022,1901_11_TeamLJ_TeamB,220,left
1023,1901_11_TeamLJ_TeamB,250,right
1024,1901_11_TeamLJ_TeamB,282,right
1025,1901_11_TeamLJ_TeamB,296,right
1026,1902_31_TeamMF_TeamA2,19,right
1027,1902_31_TeamMF_TeamA2,35,right
1028,1902_31_TeamMF_TeamA2,66,right
1029,1902_31_TeamMF_TeamA2,71,left
1030,1902_31_TeamMF_TeamA2,188,left
1031,1902_31_TeamMF_TeamA2,203,left
1032,1902_31_TeamMF_TeamA2,245,left
1033,1902_31_TeamMF_TeamA2,287,left
